group,y1,y2
1,24,3.5
1,13.3,3.5
1,12.2,4
1,14,4
1,22.200001,3.5999999
1,16.1,4.3000002
1,27.9,5.1999998
2,7.4000001,3.5
2,13.2,3
2,8.5,3
2,10.1,3
2,9.3000002,2
2,8.5,2.5
2,4.3000002,1.5
3,16.4,3.2
3,24,2.5
3,53,1.5
3,32.700001,2.5999999
3,42.799999,2
4,25.1,2.7
4,5.9000001,2.3
